{"cap_r": 0.03481587449674819, "cap_h": 0.02312182737088824, "base_r": 0.042001410881404556, "base_h": 0.0665617567118803}