{"cap_r": 0.03331017319737026, "cap_h": 0.02874592294230206, "base_r": 0.041839232973835856, "base_h": 0.06186961863820127}