{"cap_r": 0.033266459190901994, "cap_h": 0.02968270892790277, "base_r": 0.0411462352506753, "base_h": 0.055415340115186104}