{"cap_r": 0.03497162190866602, "cap_h": 0.02626018358548518, "base_r": 0.04147527930209591, "base_h": 0.055038360437088804}