{"cap_r": 0.03313237175861761, "cap_h": 0.026157587049489055, "base_r": 0.042225325894432286, "base_h": 0.058082896940898715}