{"cap_r": 0.03365017049724796, "cap_h": 0.029270118257747064, "base_r": 0.04204122936747037, "base_h": 0.0577490817603262}