{"cap_r": 0.033842399277497104, "cap_h": 0.021553399773498808, "base_r": 0.04105084069976081, "base_h": 0.06526308222394797}