{"cap_r": 0.03306465979348453, "cap_h": 0.024502848965163374, "base_r": 0.04202854616968251, "base_h": 0.06402677507064951}