{"cap_r": 0.03375859863693336, "cap_h": 0.022120320587001235, "base_r": 0.0411884903493788, "base_h": 0.06018937129078321}