{"cap_r": 0.03329527895047696, "cap_h": 0.023384818502482155, "base_r": 0.04253520238840767, "base_h": 0.05960881776410348}