{"cap_r": 0.03184070861252108, "cap_h": 0.029226149130738427, "base_r": 0.04155084342882198, "base_h": 0.06416899590937133}