{"cap_r": 0.034317702806373425, "cap_h": 0.03240343392893123, "base_r": 0.041452932386634694, "base_h": 0.06342387261689526}