{"cap_r": 0.034281948660386134, "cap_h": 0.0306700981248217, "base_r": 0.04137547912918555, "base_h": 0.06587919246293424}