{"cap_r": 0.03485338105879577, "cap_h": 0.024066610290608328, "base_r": 0.0417359176643025, "base_h": 0.060021317286638655}