{"cap_r": 0.033041168474269286, "cap_h": 0.024787313839770397, "base_r": 0.04121056261393462, "base_h": 0.05654830650550182}