{"cap_r": 0.034000676820319056, "cap_h": 0.026902669673478593, "base_r": 0.041982519413017644, "base_h": 0.06424216669085468}