{"cap_r": 0.03389350552117282, "cap_h": 0.026637354803155763, "base_r": 0.041618543387752616, "base_h": 0.057852703121490975}