{"cap_r": 0.03148589046683774, "cap_h": 0.02604126537899886, "base_r": 0.04184421790822629, "base_h": 0.06372316319515017}