{"cap_r": 0.0341093058028842, "cap_h": 0.028022784783471526, "base_r": 0.042196417345909225, "base_h": 0.058904993064602}