{"cap_r": 0.033542186273948824, "cap_h": 0.020390705369970293, "base_r": 0.042377946064795, "base_h": 0.0632980518489934}