{"cap_r": 0.032385781267555126, "cap_h": 0.02794542370987802, "base_r": 0.04186234838581356, "base_h": 0.06534727105011975}