{"cap_r": 0.03281120380101604, "cap_h": 0.028638874569191404, "base_r": 0.04237601056181033, "base_h": 0.05558174984199047}