{"cap_r": 0.03372254180981029, "cap_h": 0.023442820250563823, "base_r": 0.042939418357247974, "base_h": 0.05810389567420506}