{"cap_r": 0.031140925727695175, "cap_h": 0.02161533506724803, "base_r": 0.04252410181136636, "base_h": 0.057142212867676186}