{"cap_r": 0.032961836902936026, "cap_h": 0.031238215746463967, "base_r": 0.04143010349665354, "base_h": 0.06146366621790793}