{"cap_r": 0.031172379296552033, "cap_h": 0.02959757421949573, "base_r": 0.042980906732118, "base_h": 0.05598935098178412}