{"cap_r": 0.03395998734521217, "cap_h": 0.021884536904027533, "base_r": 0.04215516322793239, "base_h": 0.06190902124731489}