{"cap_r": 0.03181015725327837, "cap_h": 0.024185806431109853, "base_r": 0.04121157567615127, "base_h": 0.06692701643456117}