{"cap_r": 0.03375222764692314, "cap_h": 0.022411057407115884, "base_r": 0.042606061278056155, "base_h": 0.05965650574639917}