{"cap_r": 0.03226323565430636, "cap_h": 0.031665383898118044, "base_r": 0.04158758843402023, "base_h": 0.05875892616365349}