{"cap_r": 0.03398775363416433, "cap_h": 0.02576682144701674, "base_r": 0.04203096177241703, "base_h": 0.056768800122754495}