{"cap_r": 0.0344496607672353, "cap_h": 0.02123467710182565, "base_r": 0.041334877830778646, "base_h": 0.06494080459346249}