{"cap_r": 0.03230961523197231, "cap_h": 0.03216228155133322, "base_r": 0.042505567705898695, "base_h": 0.06330655065447936}