{"cap_r": 0.03210394729838386, "cap_h": 0.023138523907709468, "base_r": 0.04125410187239106, "base_h": 0.06253071144596013}