{"cap_r": 0.0346619995810585, "cap_h": 0.027142512246057, "base_r": 0.04235635674733303, "base_h": 0.05982193223097397}