{"cap_r": 0.0331125008999919, "cap_h": 0.025702910417418158, "base_r": 0.04175184896818943, "base_h": 0.06046719120476997}