{"cap_r": 0.03231351317314502, "cap_h": 0.032345140242905204, "base_r": 0.04207340650670696, "base_h": 0.05719327712475823}