{"cap_r": 0.033595840092587904, "cap_h": 0.02576276928972461, "base_r": 0.042089074454783666, "base_h": 0.05963736437232445}