{"cap_r": 0.03214449366370404, "cap_h": 0.02673952678742023, "base_r": 0.0427449158340299, "base_h": 0.06290638443544692}