{"cap_r": 0.03133762385439873, "cap_h": 0.023201065680554862, "base_r": 0.041589406260031554, "base_h": 0.0643797902430347}