{"cap_r": 0.032319999007749754, "cap_h": 0.022523345114020737, "base_r": 0.04211779226403376, "base_h": 0.062459153328537693}