{"cap_r": 0.033118684921370524, "cap_h": 0.021085541364984108, "base_r": 0.042153145449699995, "base_h": 0.05833126797239944}