{"cap_r": 0.03119921922841307, "cap_h": 0.025096993303719044, "base_r": 0.0422252437203641, "base_h": 0.05792676507351772}