{"cap_r": 0.03152739731163997, "cap_h": 0.03236248001691902, "base_r": 0.04123912174708136, "base_h": 0.06322537567247036}