{"cap_r": 0.031246589923675766, "cap_h": 0.028029226304528577, "base_r": 0.041003079581017565, "base_h": 0.06158681046546357}