{"cap_r": 0.0331552578973646, "cap_h": 0.03204518633508538, "base_r": 0.04232788958192964, "base_h": 0.05920133340072356}