{"cap_r": 0.033274280931072375, "cap_h": 0.026805307009565297, "base_r": 0.04220094976665228, "base_h": 0.0657249910286377}