{"cap_r": 0.03220458997243632, "cap_h": 0.02647916992595953, "base_r": 0.041159510451076554, "base_h": 0.05573106451295096}