{"cap_r": 0.034158248946047895, "cap_h": 0.02735070251164991, "base_r": 0.04145454471363723, "base_h": 0.06277852489044557}