{"cap_r": 0.03199285928693722, "cap_h": 0.024183264532450195, "base_r": 0.042983066349137705, "base_h": 0.05703943668445383}