{"cap_r": 0.03242243688033318, "cap_h": 0.028799203385448217, "base_r": 0.04101124285895784, "base_h": 0.06207314028009395}