{"cap_r": 0.03266033164425592, "cap_h": 0.029652036807037867, "base_r": 0.04167534429116299, "base_h": 0.05652329551599705}