{"cap_r": 0.032313111305510143, "cap_h": 0.023343905793406266, "base_r": 0.04276125561237491, "base_h": 0.06531151328110003}