{"cap_r": 0.031897207121987146, "cap_h": 0.025625530257550804, "base_r": 0.04158693966044354, "base_h": 0.06150869482049449}