{"cap_r": 0.03497816699872054, "cap_h": 0.028631133995752168, "base_r": 0.04224798749357276, "base_h": 0.058364800888536}