{"cap_r": 0.03133368575160196, "cap_h": 0.02016333482406965, "base_r": 0.04252160171223815, "base_h": 0.056884471822305493}