{"cap_r": 0.0315469449885298, "cap_h": 0.0318961746099318, "base_r": 0.04117997604380447, "base_h": 0.060068026209782015}