{"cap_r": 0.034126488027469815, "cap_h": 0.029467252028147938, "base_r": 0.0411817496461289, "base_h": 0.0611401394013206}