{"cap_r": 0.03324911867871943, "cap_h": 0.020748656675994025, "base_r": 0.04228105808439058, "base_h": 0.06422525527184778}