{"cap_r": 0.03410361949535205, "cap_h": 0.029948205830969184, "base_r": 0.04222527175658863, "base_h": 0.06575690547928667}