{"cap_r": 0.031009466357805163, "cap_h": 0.02478117686916003, "base_r": 0.04253133552656441, "base_h": 0.06557847434810138}