{"cap_r": 0.03358538289872391, "cap_h": 0.029993851024050742, "base_r": 0.04155699901248211, "base_h": 0.06530430420199856}