{"cap_r": 0.034204735269474096, "cap_h": 0.028199128894453432, "base_r": 0.04226391408708926, "base_h": 0.06482838496981422}